{
  "label": {
    "0": "negative",
    "1": "neutrality",
    "2": "positive"
  },
  "accuracy": 0.6666666666666666,
  "loss": 0.7713329195976257,
  "micro_precision": 0.6666666666666666,
  "micro_recall": 0.6666666666666666,
  "micro_F1": 0.6666666666666666,
  "macro_precision": 0.5,
  "macro_recall": 0.6666666666666666,
  "macro_F1": 0.5555555555555555,
  "report": {
    "negative": {
      "precision": 1.0,
      "recall": 1.0,
      "f1-score": 1.0,
      "support": 1
    },
    "neutrality": {
      "precision": 0.5,
      "recall": 1.0,
      "f1-score": 0.6666666666666666,
      "support": 1
    },
    "positive": {
      "precision": 0.0,
      "recall": 0.0,
      "f1-score": 0.0,
      "support": 1
    },
    "accuracy": 0.6666666666666666,
    "macro avg": {
      "precision": 0.5,
      "recall": 0.6666666666666666,
      "f1-score": 0.5555555555555555,
      "support": 3
    },
    "weighted avg": {
      "precision": 0.5,
      "recall": 0.6666666666666666,
      "f1-score": 0.5555555555555555,
      "support": 3
    }
  },
  "confusion_matrix": [
    [
      1,
      0,
      0
    ],
    [
      0,
      1,
      0
    ],
    [
      0,
      1,
      0
    ]
  ]
}