{
  "label": {
    "0": "negative",
    "1": "positive",
    "2": "neutrality"
  },
  "accuracy": 0.3333333333333333,
  "loss": 1.2875432968139648,
  "micro_precision": 0.3333333333333333,
  "micro_recall": 0.3333333333333333,
  "micro_F1": 0.3333333333333333,
  "macro_precision": 0.16666666666666666,
  "macro_recall": 0.3333333333333333,
  "macro_F1": 0.2222222222222222,
  "report": "              precision    recall  f1-score   support\n\n    negative     0.0000    0.0000    0.0000         1\n    positive     0.0000    0.0000    0.0000         1\n  neutrality     0.5000    1.0000    0.6667         1\n\n    accuracy                         0.3333         3\n   macro avg     0.1667    0.3333    0.2222         3\nweighted avg     0.1667    0.3333    0.2222         3\n",
  "confusion_matrix": [
    [
      0,
      1,
      0
    ],
    [
      0,
      0,
      1
    ],
    [
      0,
      0,
      1
    ]
  ]
}