{
  "0": [
    0.10480687767267227,
    0.45146116614341736,
    0.44373199343681335
  ],
  "1": [
    0.10657873004674911,
    0.4453010857105255,
    0.4481201767921448
  ],
  "2": [
    0.1054065078496933,
    0.44436025619506836,
    0.45023319125175476
  ]
}