{
  "eval_loss": 1.2875432968139648,
  "eval_accuracy": 0.3333333333333333,
  "eval_f1": 0.3333333333333333,
  "eval_precision": 0.3333333333333333,
  "eval_recall": 0.3333333333333333,
  "eval_runtime": 0.2052,
  "eval_samples_per_second": 14.621,
  "eval_steps_per_second": 14.621,
  "epoch": 1.0
}